Date_reported,Country_code,Country,WHO_region,New_cases,Cumulative_cases,New_deaths,Cumulative_deaths
2020-01-03,ZA,South Africa,AFRO,0,0,0,0
2020-01-04,ZA,South Africa,AFRO,0,0,0,0
2020-01-05,ZA,South Africa,AFRO,0,0,0,0
2020-01-06,ZA,South Africa,AFRO,0,0,0,0
2020-01-07,ZA,South Africa,AFRO,0,0,0,0
2020-01-08,ZA,South Africa,AFRO,0,0,0,0
2020-01-09,ZA,South Africa,AFRO,0,0,0,0
2020-01-10,ZA,South Africa,AFRO,0,0,0,0
2020-01-11,ZA,South Africa,AFRO,0,0,0,0
2020-01-12,ZA,South Africa,AFRO,0,0,0,0
2020-01-13,ZA,South Africa,AFRO,0,0,0,0
2020-01-14,ZA,South Africa,AFRO,0,0,0,0
2020-01-15,ZA,South Africa,AFRO,0,0,0,0
2020-01-16,ZA,South Africa,AFRO,0,0,0,0
2020-01-17,ZA,South Africa,AFRO,0,0,0,0
2020-01-18,ZA,South Africa,AFRO,0,0,0,0
2020-01-19,ZA,South Africa,AFRO,0,0,0,0
2020-01-20,ZA,South Africa,AFRO,0,0,0,0
2020-01-21,ZA,South Africa,AFRO,0,0,0,0
2020-01-22,ZA,South Africa,AFRO,0,0,0,0
2020-01-23,ZA,South Africa,AFRO,0,0,0,0
2020-01-24,ZA,South Africa,AFRO,0,0,0,0
2020-01-25,ZA,South Africa,AFRO,0,0,0,0
2020-01-26,ZA,South Africa,AFRO,0,0,0,0
2020-01-27,ZA,South Africa,AFRO,0,0,0,0
2020-01-28,ZA,South Africa,AFRO,0,0,0,0
2020-01-29,ZA,South Africa,AFRO,0,0,0,0
2020-01-30,ZA,South Africa,AFRO,0,0,0,0
2020-01-31,ZA,South Africa,AFRO,0,0,0,0
2020-02-01,ZA,South Africa,AFRO,0,0,0,0
2020-02-02,ZA,South Africa,AFRO,0,0,0,0
2020-02-03,ZA,South Africa,AFRO,0,0,0,0
2020-02-04,ZA,South Africa,AFRO,0,0,0,0
2020-02-05,ZA,South Africa,AFRO,0,0,0,0
2020-02-06,ZA,South Africa,AFRO,0,0,0,0
2020-02-07,ZA,South Africa,AFRO,0,0,0,0
2020-02-08,ZA,South Africa,AFRO,0,0,0,0
2020-02-09,ZA,South Africa,AFRO,0,0,0,0
2020-02-10,ZA,South Africa,AFRO,0,0,0,0
2020-02-11,ZA,South Africa,AFRO,0,0,0,0
2020-02-12,ZA,South Africa,AFRO,0,0,0,0
2020-02-13,ZA,South Africa,AFRO,0,0,0,0
2020-02-14,ZA,South Africa,AFRO,0,0,0,0
2020-02-15,ZA,South Africa,AFRO,0,0,0,0
2020-02-16,ZA,South Africa,AFRO,0,0,0,0
2020-02-17,ZA,South Africa,AFRO,0,0,0,0
2020-02-18,ZA,South Africa,AFRO,0,0,0,0
2020-02-19,ZA,South Africa,AFRO,0,0,0,0
2020-02-20,ZA,South Africa,AFRO,0,0,0,0
2020-02-21,ZA,South Africa,AFRO,0,0,0,0
2020-02-22,ZA,South Africa,AFRO,0,0,0,0
2020-02-23,ZA,South Africa,AFRO,0,0,0,0
2020-02-24,ZA,South Africa,AFRO,0,0,0,0
2020-02-25,ZA,South Africa,AFRO,0,0,0,0
2020-02-26,ZA,South Africa,AFRO,0,0,0,0
2020-02-27,ZA,South Africa,AFRO,0,0,0,0
2020-02-28,ZA,South Africa,AFRO,0,0,0,0
2020-02-29,ZA,South Africa,AFRO,0,0,0,0
2020-03-01,ZA,South Africa,AFRO,0,0,0,0
2020-03-02,ZA,South Africa,AFRO,0,0,0,0
2020-03-03,ZA,South Africa,AFRO,0,0,0,0
2020-03-04,ZA,South Africa,AFRO,0,0,0,0
2020-03-05,ZA,South Africa,AFRO,0,0,0,0
2020-03-06,ZA,South Africa,AFRO,1,1,0,0
2020-03-07,ZA,South Africa,AFRO,0,1,0,0
2020-03-08,ZA,South Africa,AFRO,1,2,0,0
2020-03-09,ZA,South Africa,AFRO,1,3,0,0
2020-03-10,ZA,South Africa,AFRO,4,7,0,0
2020-03-11,ZA,South Africa,AFRO,0,7,0,0
2020-03-12,ZA,South Africa,AFRO,6,13,0,0
2020-03-13,ZA,South Africa,AFRO,3,16,0,0
2020-03-14,ZA,South Africa,AFRO,8,24,0,0
2020-03-15,ZA,South Africa,AFRO,14,38,0,0
2020-03-16,ZA,South Africa,AFRO,13,51,0,0
2020-03-17,ZA,South Africa,AFRO,11,62,0,0
2020-03-18,ZA,South Africa,AFRO,23,85,0,0
2020-03-19,ZA,South Africa,AFRO,31,116,0,0
2020-03-20,ZA,South Africa,AFRO,34,150,0,0
2020-03-21,ZA,South Africa,AFRO,52,202,0,0
2020-03-22,ZA,South Africa,AFRO,38,240,0,0
2020-03-23,ZA,South Africa,AFRO,34,274,0,0
2020-03-24,ZA,South Africa,AFRO,128,402,0,0
2020-03-25,ZA,South Africa,AFRO,152,554,0,0
2020-03-26,ZA,South Africa,AFRO,153,707,0,0
2020-03-27,ZA,South Africa,AFRO,219,926,0,0
2020-03-28,ZA,South Africa,AFRO,244,1170,1,1
2020-03-29,ZA,South Africa,AFRO,17,1187,0,1
2020-03-30,ZA,South Africa,AFRO,93,1280,1,2
2020-03-31,ZA,South Africa,AFRO,46,1326,0,2
2020-04-01,ZA,South Africa,AFRO,27,1353,3,5
2020-04-02,ZA,South Africa,AFRO,27,1380,0,5
2020-04-03,ZA,South Africa,AFRO,82,1462,0,5
2020-04-04,ZA,South Africa,AFRO,43,1505,2,7
2020-04-05,ZA,South Africa,AFRO,80,1585,2,9
2020-04-06,ZA,South Africa,AFRO,70,1655,2,11
2020-04-07,ZA,South Africa,AFRO,31,1686,1,12
2020-04-08,ZA,South Africa,AFRO,63,1749,1,13
2020-04-09,ZA,South Africa,AFRO,96,1845,5,18
2020-04-10,ZA,South Africa,AFRO,89,1934,1,19
2020-04-11,ZA,South Africa,AFRO,69,2003,8,27
2020-04-12,ZA,South Africa,AFRO,25,2028,1,28
2020-04-13,ZA,South Africa,AFRO,145,2173,1,29
2020-04-14,ZA,South Africa,AFRO,99,2272,5,34
2020-04-15,ZA,South Africa,AFRO,143,2415,0,34
2020-04-16,ZA,South Africa,AFRO,91,2506,0,34
2020-04-17,ZA,South Africa,AFRO,99,2605,14,48
2020-04-18,ZA,South Africa,AFRO,178,2783,2,50
2020-04-19,ZA,South Africa,AFRO,251,3034,2,52
2020-04-20,ZA,South Africa,AFRO,124,3158,2,54
2020-04-21,ZA,South Africa,AFRO,142,3300,4,58
2020-04-22,ZA,South Africa,AFRO,165,3465,0,58
2020-04-23,ZA,South Africa,AFRO,170,3635,7,65
2020-04-24,ZA,South Africa,AFRO,318,3953,10,75
2020-04-25,ZA,South Africa,AFRO,267,4220,4,79
2020-04-26,ZA,South Africa,AFRO,141,4361,7,86
2020-04-27,ZA,South Africa,AFRO,185,4546,1,87
2020-04-28,ZA,South Africa,AFRO,247,4793,3,90
2020-04-29,ZA,South Africa,AFRO,203,4996,3,93
2020-04-30,ZA,South Africa,AFRO,354,5350,10,103
2020-05-01,ZA,South Africa,AFRO,297,5647,0,103
2020-05-02,ZA,South Africa,AFRO,304,5951,13,116
2020-05-03,ZA,South Africa,AFRO,385,6336,7,123
2020-05-04,ZA,South Africa,AFRO,447,6783,8,131
2020-05-05,ZA,South Africa,AFRO,437,7220,7,138
2020-05-06,ZA,South Africa,AFRO,352,7572,10,148
2020-05-07,ZA,South Africa,AFRO,236,7808,5,153
2020-05-08,ZA,South Africa,AFRO,424,8232,8,161
2020-05-09,ZA,South Africa,AFRO,663,8895,17,178
2020-05-10,ZA,South Africa,AFRO,525,9420,8,186
2020-05-11,ZA,South Africa,AFRO,595,10015,8,194
2020-05-12,ZA,South Africa,AFRO,637,10652,12,206
2020-05-13,ZA,South Africa,AFRO,698,11350,0,206
2020-05-14,ZA,South Africa,AFRO,724,12074,13,219
2020-05-15,ZA,South Africa,AFRO,665,12739,19,238
2020-05-16,ZA,South Africa,AFRO,785,13524,9,247
2020-05-17,ZA,South Africa,AFRO,831,14355,14,261
2020-05-18,ZA,South Africa,AFRO,1160,15515,3,264
2020-05-19,ZA,South Africa,AFRO,918,16433,22,286
2020-05-20,ZA,South Africa,AFRO,767,17200,26,312
2020-05-21,ZA,South Africa,AFRO,803,18003,27,339
2020-05-22,ZA,South Africa,AFRO,1134,19137,30,369
2020-05-23,ZA,South Africa,AFRO,988,20125,28,397
2020-05-24,ZA,South Africa,AFRO,1218,21343,10,407
2020-05-25,ZA,South Africa,AFRO,1240,22583,22,429
2020-05-26,ZA,South Africa,AFRO,1032,23615,52,481
2020-05-27,ZA,South Africa,AFRO,649,24264,43,524
2020-05-28,ZA,South Africa,AFRO,1673,25937,28,552
2020-05-29,ZA,South Africa,AFRO,1466,27403,25,577
2020-05-30,ZA,South Africa,AFRO,1837,29240,34,611
2020-05-31,ZA,South Africa,AFRO,1727,30967,32,643
2020-06-01,ZA,South Africa,AFRO,1716,32683,40,683
2020-06-02,ZA,South Africa,AFRO,1674,34357,137,820
2020-06-03,ZA,South Africa,AFRO,1455,35812,153,973
2020-06-04,ZA,South Africa,AFRO,1713,37525,112,1085
2020-06-05,ZA,South Africa,AFRO,3267,40792,203,1288
2020-06-06,ZA,South Africa,AFRO,2642,43434,173,1461
2020-06-07,ZA,South Africa,AFRO,2539,45973,194,1655
2020-06-08,ZA,South Africa,AFRO,2312,48285,102,1757
2020-06-09,ZA,South Africa,AFRO,2594,50879,115,1872
2020-06-10,ZA,South Africa,AFRO,2112,52991,145,2017
2020-06-11,ZA,South Africa,AFRO,2430,55421,58,2075
2020-06-12,ZA,South Africa,AFRO,3147,58568,151,2226
2020-06-13,ZA,South Africa,AFRO,3359,61927,152,2378
2020-06-14,ZA,South Africa,AFRO,3809,65736,69,2447
2020-06-15,ZA,South Africa,AFRO,4302,70038,57,2504
2020-06-16,ZA,South Africa,AFRO,3495,73533,129,2633
2020-06-17,ZA,South Africa,AFRO,2801,76334,156,2789
2020-06-18,ZA,South Africa,AFRO,4078,80412,91,2880
2020-06-19,ZA,South Africa,AFRO,3478,83890,193,3073
2020-06-20,ZA,South Africa,AFRO,3825,87715,221,3294
2020-06-21,ZA,South Africa,AFRO,4966,92681,160,3454
2020-06-22,ZA,South Africa,AFRO,4621,97302,224,3678
2020-06-23,ZA,South Africa,AFRO,4288,101590,109,3787
2020-06-24,ZA,South Africa,AFRO,4518,106108,134,3921
2020-06-25,ZA,South Africa,AFRO,5688,111796,242,4163
2020-06-26,ZA,South Africa,AFRO,6579,118375,149,4312
2020-06-27,ZA,South Africa,AFRO,6215,124590,141,4453
2020-06-28,ZA,South Africa,AFRO,7210,131800,185,4638
2020-06-29,ZA,South Africa,AFRO,6334,138134,149,4787
2020-06-30,ZA,South Africa,AFRO,6130,144264,164,4951
2020-07-01,ZA,South Africa,AFRO,6945,151209,192,5143
2020-07-02,ZA,South Africa,AFRO,8124,159333,92,5235
2020-07-03,ZA,South Africa,AFRO,8728,168061,95,5330
2020-07-04,ZA,South Africa,AFRO,9063,177124,108,5438
2020-07-05,ZA,South Africa,AFRO,10853,187977,74,5512
2020-07-06,ZA,South Africa,AFRO,8773,196750,173,5685
2020-07-07,ZA,South Africa,AFRO,8971,205721,111,5796
2020-07-08,ZA,South Africa,AFRO,10134,215855,192,5988
2020-07-09,ZA,South Africa,AFRO,8810,224665,89,6077
2020-07-10,ZA,South Africa,AFRO,13673,238338,129,6206
2020-07-11,ZA,South Africa,AFRO,12349,250687,140,6346
2020-07-12,ZA,South Africa,AFRO,13497,264184,111,6457
2020-07-13,ZA,South Africa,AFRO,12058,276242,108,6565
2020-07-14,ZA,South Africa,AFRO,11554,287796,93,6658
2020-07-15,ZA,South Africa,AFRO,10496,298292,174,6832
2020-07-16,ZA,South Africa,AFRO,12757,311049,107,6939
2020-07-17,ZA,South Africa,AFRO,13172,324221,216,7155
2020-07-18,ZA,South Africa,AFRO,13373,337594,135,7290
2020-07-19,ZA,South Africa,AFRO,13285,350879,144,7434
2020-07-20,ZA,South Africa,AFRO,13449,364328,85,7519
2020-07-21,ZA,South Africa,AFRO,9300,373628,140,7659
2020-07-22,ZA,South Africa,AFRO,8170,381798,195,7854
2020-07-23,ZA,South Africa,AFRO,13150,394948,572,8426
2020-07-24,ZA,South Africa,AFRO,13104,408052,153,8579
2020-07-25,ZA,South Africa,AFRO,13944,421996,250,8829
2020-07-26,ZA,South Africa,AFRO,12204,434200,312,9141
2020-07-27,ZA,South Africa,AFRO,11233,445433,114,9255
2020-07-28,ZA,South Africa,AFRO,7096,452529,298,9553
2020-07-29,ZA,South Africa,AFRO,7232,459761,190,9743
2020-07-30,ZA,South Africa,AFRO,11362,471123,240,9983
2020-07-31,ZA,South Africa,AFRO,11046,482169,315,10298
2020-08-01,ZA,South Africa,AFRO,11014,493183,193,10491
2020-08-02,ZA,South Africa,AFRO,10107,503290,148,10639
2020-08-03,ZA,South Africa,AFRO,8195,511485,213,10852
2020-08-04,ZA,South Africa,AFRO,5377,516862,173,11025
2020-08-05,ZA,South Africa,AFRO,4456,521318,345,11370
2020-08-06,ZA,South Africa,AFRO,8559,529877,414,11784
2020-08-07,ZA,South Africa,AFRO,8307,538184,306,12090
2020-08-08,ZA,South Africa,AFRO,7292,545476,305,12395
2020-08-09,ZA,South Africa,AFRO,7712,553188,301,12696
2020-08-10,ZA,South Africa,AFRO,6671,559859,198,12894
2020-08-11,ZA,South Africa,AFRO,3739,563598,213,13107
2020-08-12,ZA,South Africa,AFRO,2511,566109,130,13237
2020-08-13,ZA,South Africa,AFRO,2810,568919,259,13496
2020-08-14,ZA,South Africa,AFRO,3946,572865,260,13756
2020-08-15,ZA,South Africa,AFRO,6275,579140,286,14042
2020-08-16,ZA,South Africa,AFRO,4513,583653,121,14163
2020-08-17,ZA,South Africa,AFRO,3692,587345,162,14325
2020-08-18,ZA,South Africa,AFRO,2541,589886,143,14468
2020-08-19,ZA,South Africa,AFRO,2258,592144,282,14750
2020-08-20,ZA,South Africa,AFRO,3916,596060,159,14909
2020-08-21,ZA,South Africa,AFRO,3880,599940,195,15104
2020-08-22,ZA,South Africa,AFRO,3398,603338,225,15329
2020-08-23,ZA,South Africa,AFRO,3707,607045,144,15473
2020-08-24,ZA,South Africa,AFRO,2728,609773,72,15545
2020-08-25,ZA,South Africa,AFRO,1677,611450,100,15645
2020-08-26,ZA,South Africa,AFRO,1567,613017,149,15794
2020-08-27,ZA,South Africa,AFRO,2684,615701,194,15988
2020-08-28,ZA,South Africa,AFRO,2585,618286,126,16114
2020-08-29,ZA,South Africa,AFRO,1846,620132,115,16229
2020-08-30,ZA,South Africa,AFRO,2419,622551,238,16467
2020-08-31,ZA,South Africa,AFRO,2505,625056,47,16514
2020-09-01,ZA,South Africa,AFRO,1985,627041,121,16635
2020-09-02,ZA,South Africa,AFRO,1218,628259,114,16749
2020-09-03,ZA,South Africa,AFRO,2336,630595,126,16875
2020-09-04,ZA,South Africa,AFRO,2420,633015,174,17049
2020-09-05,ZA,South Africa,AFRO,2063,635078,115,17164
2020-09-06,ZA,South Africa,AFRO,1806,636884,101,17265
2020-09-07,ZA,South Africa,AFRO,1633,638517,110,17375
2020-09-08,ZA,South Africa,AFRO,845,639362,115,17490
2020-09-09,ZA,South Africa,AFRO,1079,640441,82,17572
2020-09-10,ZA,South Africa,AFRO,1990,642431,82,17654
2020-09-11,ZA,South Africa,AFRO,2007,644438,97,17751
2020-09-12,ZA,South Africa,AFRO,1960,646398,113,17864
2020-09-13,ZA,South Africa,AFRO,1816,648214,49,17913
2020-09-14,ZA,South Africa,AFRO,1579,649793,20,17933
2020-09-15,ZA,South Africa,AFRO,956,650749,52,17985
2020-09-16,ZA,South Africa,AFRO,772,651521,142,18127
2020-09-17,ZA,South Africa,AFRO,1923,653444,64,18191
2020-09-18,ZA,South Africa,AFRO,2128,655572,67,18258
2020-09-19,ZA,South Africa,AFRO,2055,657627,85,18343
2020-09-20,ZA,South Africa,AFRO,2029,659656,83,18426
2020-09-21,ZA,South Africa,AFRO,1555,661211,13,18439
2020-09-22,ZA,South Africa,AFRO,725,661936,39,18478
2020-09-23,ZA,South Africa,AFRO,1346,663282,126,18604
2020-09-24,ZA,South Africa,AFRO,1906,665188,88,18692
2020-09-25,ZA,South Africa,AFRO,1861,667049,77,18769
2020-09-26,ZA,South Africa,AFRO,1480,668529,29,18798
2020-09-27,ZA,South Africa,AFRO,969,669498,64,18862
2020-09-28,ZA,South Africa,AFRO,1268,670766,22,18884
2020-09-29,ZA,South Africa,AFRO,903,671669,188,19072
2020-09-30,ZA,South Africa,AFRO,903,672572,81,19153
2020-10-01,ZA,South Africa,AFRO,1767,674339,67,19220
2020-10-02,ZA,South Africa,AFRO,1745,676084,132,19352
2020-10-03,ZA,South Africa,AFRO,1749,677833,43,19395
2020-10-04,ZA,South Africa,AFRO,1883,679716,29,19424
2020-10-05,ZA,South Africa,AFRO,1573,681289,38,19462
2020-10-06,ZA,South Africa,AFRO,926,682215,40,19502
2020-10-07,ZA,South Africa,AFRO,1027,683242,87,19589
2020-10-08,ZA,South Africa,AFRO,1913,685155,145,19734
2020-10-09,ZA,South Africa,AFRO,1736,686891,160,19894
2020-10-10,ZA,South Africa,AFRO,1641,688532,139,20033
2020-10-11,ZA,South Africa,AFRO,2364,690896,11,20044
2020-10-12,ZA,South Africa,AFRO,1575,692471,4,20048
2020-10-13,ZA,South Africa,AFRO,888,693359,8,20056
2020-10-14,ZA,South Africa,AFRO,1178,694537,18,20074
2020-10-15,ZA,South Africa,AFRO,1877,696414,10,20084
2020-10-16,ZA,South Africa,AFRO,1770,698184,8,20092
2020-10-17,ZA,South Africa,AFRO,2019,700203,24,20116
2020-10-18,ZA,South Africa,AFRO,1928,702131,5,20121
2020-10-19,ZA,South Africa,AFRO,1662,703793,0,20121
2020-10-20,ZA,South Africa,AFRO,1461,705254,11,20132
2020-10-21,ZA,South Africa,AFRO,1050,706304,164,20296
2020-10-22,ZA,South Africa,AFRO,2055,708359,8,20304
2020-10-23,ZA,South Africa,AFRO,2156,710515,20,20324
2020-10-24,ZA,South Africa,AFRO,1897,712412,7,20331
2020-10-25,ZA,South Africa,AFRO,1834,714246,10,20341
2020-10-26,ZA,South Africa,AFRO,1622,715868,5,20346
2020-10-27,ZA,South Africa,AFRO,891,716759,10,20356
2020-10-28,ZA,South Africa,AFRO,1092,717851,19,20375
2020-10-29,ZA,South Africa,AFRO,1863,719714,16,20391
2020-10-30,ZA,South Africa,AFRO,2056,721770,15,20406
2020-10-31,ZA,South Africa,AFRO,1912,723682,10,20416
2020-11-01,ZA,South Africa,AFRO,1770,725452,10,20426
2020-11-02,ZA,South Africa,AFRO,1371,726823,8,20434
2020-11-03,ZA,South Africa,AFRO,772,727595,4,20438
2020-11-04,ZA,South Africa,AFRO,1241,728836,10,20448
2020-11-05,ZA,South Africa,AFRO,1712,730548,9,20457
2020-11-06,ZA,South Africa,AFRO,1866,732414,23,20480
2020-11-07,ZA,South Africa,AFRO,1761,734175,7,20487
2020-11-08,ZA,South Africa,AFRO,1731,735906,11,20498
2020-11-09,ZA,South Africa,AFRO,1372,737278,1,20499
2020-11-10,ZA,South Africa,AFRO,1247,738525,13,20512
2020-11-11,ZA,South Africa,AFRO,1729,740254,15,20527
2020-11-12,ZA,South Africa,AFRO,2140,742394,60,20587
2020-11-13,ZA,South Africa,AFRO,2338,744732,17,20604
2020-11-14,ZA,South Africa,AFRO,2213,746945,15,20619
2020-11-15,ZA,South Africa,AFRO,2237,749182,19,20638
2020-11-16,ZA,South Africa,AFRO,1842,751024,35,20673
2020-11-17,ZA,South Africa,AFRO,1245,752269,14,20687
2020-11-18,ZA,South Africa,AFRO,1987,754256,7,20694
2020-11-19,ZA,South Africa,AFRO,2888,757144,17,20711
2020-11-20,ZA,South Africa,AFRO,2514,759658,24,20735
2020-11-21,ZA,South Africa,AFRO,3105,762763,88,20823
2020-11-22,ZA,South Africa,AFRO,2646,765409,22,20845
2020-11-23,ZA,South Africa,AFRO,2270,767679,58,20903
2020-11-24,ZA,South Africa,AFRO,2080,769759,65,20968
2020-11-25,ZA,South Africa,AFRO,2493,772252,115,21083
2020-11-26,ZA,South Africa,AFRO,3250,775502,118,21201
2020-11-27,ZA,South Africa,AFRO,3069,778571,88,21289
2020-11-28,ZA,South Africa,AFRO,3370,781941,89,21378
2020-11-29,ZA,South Africa,AFRO,3198,785139,61,21439
2020-11-30,ZA,South Africa,AFRO,2563,787702,38,21477
2020-12-01,ZA,South Africa,AFRO,2302,790004,58,21535
2020-12-02,ZA,South Africa,AFRO,2295,792299,109,21644
2020-12-03,ZA,South Africa,AFRO,4173,796472,65,21709
2020-12-04,ZA,South Africa,AFRO,4400,800872,94,21803
2020-12-05,ZA,South Africa,AFRO,4932,805804,160,21963
2020-12-06,ZA,South Africa,AFRO,4645,810449,104,22067
2020-12-07,ZA,South Africa,AFRO,4116,814565,139,22206
2020-12-08,ZA,South Africa,AFRO,3313,817878,43,22249
2020-12-09,ZA,South Africa,AFRO,4011,821889,183,22432
2020-12-10,ZA,South Africa,AFRO,6709,828598,142,22574
2020-12-11,ZA,South Africa,AFRO,8166,836764,173,22747
2020-12-12,ZA,South Africa,AFRO,8319,845083,205,22952
2020-12-13,ZA,South Africa,AFRO,7882,852965,154,23106
2020-12-14,ZA,South Africa,AFRO,7999,860964,170,23276
2020-12-15,ZA,South Africa,AFRO,5163,866127,175,23451
2020-12-16,ZA,South Africa,AFRO,7552,873679,210,23661
2020-12-17,ZA,South Africa,AFRO,10008,883687,166,23827
2020-12-18,ZA,South Africa,AFRO,9126,892813,184,24011
2020-12-19,ZA,South Africa,AFRO,8725,901538,274,24285
2020-12-20,ZA,South Africa,AFRO,10939,912477,254,24539
2020-12-21,ZA,South Africa,AFRO,9445,921922,152,24691
2020-12-22,ZA,South Africa,AFRO,8789,930711,216,24907
2020-12-23,ZA,South Africa,AFRO,9501,940212,339,25246
2020-12-24,ZA,South Africa,AFRO,14046,954258,411,25657
2020-12-25,ZA,South Africa,AFRO,14305,968563,326,25983
2020-12-26,ZA,South Africa,AFRO,14796,983359,293,26276
2020-12-27,ZA,South Africa,AFRO,11552,994911,245,26521
2020-12-28,ZA,South Africa,AFRO,9502,1004413,214,26735
2020-12-29,ZA,South Africa,AFRO,7458,1011871,336,27071
2020-12-30,ZA,South Africa,AFRO,9580,1021451,497,27568
2020-12-31,ZA,South Africa,AFRO,17710,1039161,465,28033
2021-01-01,ZA,South Africa,AFRO,18400,1057561,436,28469
2021-01-02,ZA,South Africa,AFRO,16326,1073887,418,28887
2021-01-03,ZA,South Africa,AFRO,15002,1088889,288,29175
2021-01-04,ZA,South Africa,AFRO,11859,1100748,402,29577
2021-01-05,ZA,South Africa,AFRO,12601,1113349,434,30011
2021-01-06,ZA,South Africa,AFRO,14410,1127759,513,30524
2021-01-07,ZA,South Africa,AFRO,21832,1149591,844,31368
2021-01-08,ZA,South Africa,AFRO,20999,1170590,441,31809
2021-01-09,ZA,South Africa,AFRO,21980,1192570,616,32425
2021-01-10,ZA,South Africa,AFRO,21606,1214176,399,32824
2021-01-11,ZA,South Africa,AFRO,17421,1231597,339,33163
2021-01-12,ZA,South Africa,AFRO,15046,1246643,416,33579
2021-01-13,ZA,South Africa,AFRO,13105,1259748,755,34334
2021-01-14,ZA,South Africa,AFRO,18555,1278303,806,35140
2021-01-15,ZA,South Africa,AFRO,18503,1296806,712,35852
2021-01-16,ZA,South Africa,AFRO,14880,1311686,615,36467
2021-01-17,ZA,South Africa,AFRO,13973,1325659,384,36851
2021-01-18,ZA,South Africa,AFRO,12267,1337926,254,37105
2021-01-19,ZA,South Africa,AFRO,9010,1346936,344,37449
2021-01-20,ZA,South Africa,AFRO,9780,1356716,839,38288
2021-01-21,ZA,South Africa,AFRO,12710,1369426,566,38854
2021-01-22,ZA,South Africa,AFRO,11381,1380807,647,39501
2021-01-23,ZA,South Africa,AFRO,11761,1392568,575,40076
2021-01-24,ZA,South Africa,AFRO,12271,1404839,498,40574
2021-01-25,ZA,South Africa,AFRO,8147,1412986,300,40874
2021-01-26,ZA,South Africa,AFRO,4551,1417537,243,41117
2021-01-27,ZA,South Africa,AFRO,6041,1423578,680,41797
2021-01-28,ZA,South Africa,AFRO,7070,1430648,753,42550
2021-01-29,ZA,South Africa,AFRO,7150,1437798,555,43105
2021-01-30,ZA,South Africa,AFRO,6141,1443939,528,43633
2021-01-31,ZA,South Africa,AFRO,5297,1449236,318,43951
2021-02-01,ZA,South Africa,AFRO,4525,1453761,213,44164
2021-02-02,ZA,South Africa,AFRO,2548,1456309,235,44399
2021-02-03,ZA,South Africa,AFRO,2649,1458958,547,44946
2021-02-04,ZA,South Africa,AFRO,4058,1463016,398,45344
2021-02-05,ZA,South Africa,AFRO,3751,1466767,261,45605
2021-02-06,ZA,South Africa,AFRO,3749,1470516,297,45902
2021-02-07,ZA,South Africa,AFRO,3184,1473700,278,46180
2021-02-08,ZA,South Africa,AFRO,2435,1476135,110,46290
2021-02-09,ZA,South Africa,AFRO,1376,1477511,183,46473
2021-02-10,ZA,South Africa,AFRO,1742,1479253,396,46869
2021-02-11,ZA,South Africa,AFRO,3159,1482412,276,47145
2021-02-12,ZA,South Africa,AFRO,2488,1484900,237,47382
2021-02-13,ZA,South Africa,AFRO,2781,1487681,288,47670
2021-02-14,ZA,South Africa,AFRO,2382,1490063,151,47821
2021-02-15,ZA,South Africa,AFRO,1744,1491807,78,47899
2021-02-16,ZA,South Africa,AFRO,1102,1492909,195,48094
2021-02-17,ZA,South Africa,AFRO,1210,1494119,219,48313
2021-02-18,ZA,South Africa,AFRO,2320,1496439,165,48478
2021-02-19,ZA,South Africa,AFRO,2327,1498766,230,48708
2021-02-20,ZA,South Africa,AFRO,1911,1500677,151,48859
2021-02-21,ZA,South Africa,AFRO,1690,1502367,81,48940
2021-02-22,ZA,South Africa,AFRO,1429,1503796,113,49053
2021-02-23,ZA,South Africa,AFRO,792,1504588,97,49150
2021-02-24,ZA,South Africa,AFRO,998,1505586,263,49413
2021-02-25,ZA,South Africa,AFRO,1862,1507448,110,49523
2021-02-26,ZA,South Africa,AFRO,1676,1509124,144,49667
2021-02-27,ZA,South Africa,AFRO,1654,1510778,117,49784
2021-02-28,ZA,South Africa,AFRO,1447,1512225,157,49941
2021-03-01,ZA,South Africa,AFRO,1168,1513393,52,49993
2021-03-02,ZA,South Africa,AFRO,566,1513959,84,50077
2021-03-03,ZA,South Africa,AFRO,856,1514815,194,50271
2021-03-04,ZA,South Africa,AFRO,1447,1516262,95,50366
2021-03-05,ZA,South Africa,AFRO,1404,1517666,96,50462
2021-03-06,ZA,South Africa,AFRO,1313,1518979,104,50566
2021-03-07,ZA,South Africa,AFRO,1227,1520206,81,50647
2021-03-08,ZA,South Africa,AFRO,862,1521068,31,50678
2021-03-09,ZA,South Africa,AFRO,638,1521706,125,50803
2021-03-10,ZA,South Africa,AFRO,991,1522697,103,50906
2021-03-11,ZA,South Africa,AFRO,1477,1524174,109,51015
2021-03-12,ZA,South Africa,AFRO,1474,1525648,95,51110
2021-03-13,ZA,South Africa,AFRO,1225,1526873,69,51179
2021-03-14,ZA,South Africa,AFRO,1541,1528414,82,51261
2021-03-15,ZA,South Africa,AFRO,1006,1529420,65,51326
2021-03-16,ZA,South Africa,AFRO,613,1530033,95,51421
2021-03-17,ZA,South Africa,AFRO,933,1530966,139,51560
2021-03-18,ZA,South Africa,AFRO,1531,1532497,74,51634
2021-03-19,ZA,South Africa,AFRO,1464,1533961,90,51724
2021-03-20,ZA,South Africa,AFRO,1462,1535423,311,52035
2021-03-21,ZA,South Africa,AFRO,1378,1536801,47,52082
2021-03-22,ZA,South Africa,AFRO,1051,1537852,29,52111
2021-03-23,ZA,South Africa,AFRO,599,1538451,85,52196
2021-03-24,ZA,South Africa,AFRO,510,1538961,55,52251
2021-03-25,ZA,South Africa,AFRO,1048,1540009,121,52372
2021-03-26,ZA,South Africa,AFRO,1554,1541563,163,52535
2021-03-27,ZA,South Africa,AFRO,1516,1543079,67,52602
2021-03-28,ZA,South Africa,AFRO,1387,1544466,46,52648
2021-03-29,ZA,South Africa,AFRO,965,1545431,15,52663
2021-03-30,ZA,South Africa,AFRO,548,1545979,47,52710
2021-03-31,ZA,South Africa,AFRO,756,1546735,78,52788
2021-04-01,ZA,South Africa,AFRO,1422,1548157,58,52846
2021-04-02,ZA,South Africa,AFRO,1294,1549451,51,52897
2021-04-03,ZA,South Africa,AFRO,1273,1550724,49,52946
2021-04-04,ZA,South Africa,AFRO,777,1551501,8,52954
2021-04-05,ZA,South Africa,AFRO,463,1551964,33,52987
2021-04-06,ZA,South Africa,AFRO,452,1552416,8,52995
2021-04-07,ZA,South Africa,AFRO,437,1552853,37,53032
2021-04-08,ZA,South Africa,AFRO,756,1553609,79,53111
2021-04-09,ZA,South Africa,AFRO,1366,1554975,62,53173
2021-04-10,ZA,South Africa,AFRO,1267,1556242,53,53226
2021-04-11,ZA,South Africa,AFRO,1285,1557527,30,53256
2021-04-12,ZA,South Africa,AFRO,931,1558458,66,53322
2021-04-13,ZA,South Africa,AFRO,655,1559113,34,53356
2021-04-14,ZA,South Africa,AFRO,847,1559960,67,53423
2021-04-15,ZA,South Africa,AFRO,1599,1561559,75,53498
2021-04-16,ZA,South Africa,AFRO,1372,1562931,73,53571
2021-04-17,ZA,South Africa,AFRO,1424,1564355,92,53663
2021-04-18,ZA,South Africa,AFRO,1325,1565680,48,53711
2021-04-19,ZA,South Africa,AFRO,1089,1566769,25,53736
2021-04-20,ZA,South Africa,AFRO,744,1567513,21,53757
2021-04-21,ZA,South Africa,AFRO,853,1568366,130,53887
2021-04-22,ZA,South Africa,AFRO,1569,1569935,53,53940
2021-04-23,ZA,South Africa,AFRO,1413,1571348,55,53995
2021-04-24,ZA,South Africa,AFRO,1637,1572985,71,54066
2021-04-25,ZA,South Africa,AFRO,1385,1574370,59,54125
2021-04-26,ZA,South Africa,AFRO,1101,1575471,23,54148
2021-04-27,ZA,South Africa,AFRO,849,1576320,38,54186
2021-04-28,ZA,South Africa,AFRO,880,1577200,51,54237
2021-04-29,ZA,South Africa,AFRO,1250,1578450,48,54285
2021-04-30,ZA,South Africa,AFRO,1086,1579536,46,54331
2021-05-01,ZA,South Africa,AFRO,1674,1581210,19,54350
2021-05-02,ZA,South Africa,AFRO,1632,1582842,56,54406
2021-05-03,ZA,South Africa,AFRO,1222,1584064,11,54417
2021-05-04,ZA,South Africa,AFRO,897,1584961,35,54452
2021-05-05,ZA,South Africa,AFRO,1187,1586148,59,54511
2021-05-06,ZA,South Africa,AFRO,2073,1588221,46,54557
2021-05-07,ZA,South Africa,AFRO,2149,1590370,63,54620
2021-05-08,ZA,South Africa,AFRO,2256,1592626,67,54687
2021-05-09,ZA,South Africa,AFRO,2191,1594817,37,54724
2021-05-10,ZA,South Africa,AFRO,1778,1596595,11,54735
2021-05-11,ZA,South Africa,AFRO,1129,1597724,90,54825
2021-05-12,ZA,South Africa,AFRO,1548,1599272,71,54896
2021-05-13,ZA,South Africa,AFRO,2759,1602031,72,54968
2021-05-14,ZA,South Africa,AFRO,3221,1605252,44,55012
2021-05-15,ZA,South Africa,AFRO,3141,1608393,112,55124
2021-05-16,ZA,South Africa,AFRO,2750,1611143,59,55183
2021-05-17,ZA,South Africa,AFRO,2585,1613728,27,55210
2021-05-18,ZA,South Africa,AFRO,1757,1615485,50,55260
2021-05-19,ZA,South Africa,AFRO,2355,1617840,80,55340
2021-05-20,ZA,South Africa,AFRO,3522,1621362,167,55507
2021-05-21,ZA,South Africa,AFRO,3641,1625003,61,55568
2021-05-22,ZA,South Africa,AFRO,3332,1628335,151,55719
2021-05-23,ZA,South Africa,AFRO,4236,1632571,53,55772
2021-05-24,ZA,South Africa,AFRO,2894,1635465,30,55802
2021-05-25,ZA,South Africa,AFRO,2383,1637848,72,55874
2021-05-26,ZA,South Africa,AFRO,3084,1640932,102,55976
2021-05-27,ZA,South Africa,AFRO,4623,1645555,101,56077
2021-05-28,ZA,South Africa,AFRO,4424,1649979,93,56170
2021-05-29,ZA,South Africa,AFRO,4576,1654555,123,56293
2021-05-30,ZA,South Africa,AFRO,4515,1659070,70,56363
2021-05-31,ZA,South Africa,AFRO,3755,1662825,76,56439
2021-06-01,ZA,South Africa,AFRO,2792,1665617,67,56506
2021-06-02,ZA,South Africa,AFRO,3614,1669231,95,56601
2021-06-03,ZA,South Africa,AFRO,5782,1675013,110,56711
2021-06-04,ZA,South Africa,AFRO,5360,1680373,54,56765
2021-06-05,ZA,South Africa,AFRO,5668,1686041,67,56832
2021-06-06,ZA,South Africa,AFRO,5450,1691491,97,56929
2021-06-07,ZA,South Africa,AFRO,5073,1696564,45,56974
2021-06-08,ZA,South Africa,AFRO,3285,1699849,89,57063
2021-06-09,ZA,South Africa,AFRO,4209,1704058,120,57183
2021-06-10,ZA,South Africa,AFRO,8881,1712939,127,57310
2021-06-11,ZA,South Africa,AFRO,9147,1722086,100,57410
2021-06-12,ZA,South Africa,AFRO,8020,1730106,181,57591
2021-06-13,ZA,South Africa,AFRO,9319,1739425,62,57653
2021-06-14,ZA,South Africa,AFRO,7657,1747082,78,57731
2021-06-15,ZA,South Africa,AFRO,5548,1752630,153,57884
2021-06-16,ZA,South Africa,AFRO,8436,1761066,157,58041
2021-06-17,ZA,South Africa,AFRO,13246,1774312,77,58118
2021-06-18,ZA,South Africa,AFRO,11767,1786079,205,58323
2021-06-19,ZA,South Africa,AFRO,10510,1796589,118,58441
2021-06-20,ZA,South Africa,AFRO,13575,1810164,149,58590
2021-06-21,ZA,South Africa,AFRO,13155,1823319,112,58702
2021-06-22,ZA,South Africa,AFRO,9160,1832479,93,58795
2021-06-23,ZA,South Africa,AFRO,11093,1843572,297,59092
2021-06-24,ZA,South Africa,AFRO,17493,1861065,166,59258
2021-06-25,ZA,South Africa,AFRO,16078,1877143,148,59406
2021-06-26,ZA,South Africa,AFRO,18762,1895905,215,59621
2021-06-27,ZA,South Africa,AFRO,17956,1913861,157,59778
2021-06-28,ZA,South Africa,AFRO,15036,1928897,122,59900
2021-06-29,ZA,South Africa,AFRO,12222,1941119,138,60038
2021-06-30,ZA,South Africa,AFRO,13347,1954466,226,60264
2021-07-01,ZA,South Africa,AFRO,19506,1973972,383,60647
2021-07-02,ZA,South Africa,AFRO,21584,1995556,382,61029
2021-07-03,ZA,South Africa,AFRO,24270,2019826,303,61332
2021-07-04,ZA,South Africa,AFRO,26485,2046311,175,61507
2021-07-05,ZA,South Africa,AFRO,16585,2062896,333,61840
2021-07-06,ZA,South Africa,AFRO,12513,2075409,331,62171
2021-07-07,ZA,South Africa,AFRO,15500,2090909,457,62628
2021-07-08,ZA,South Africa,AFRO,21427,2112336,411,63039
2021-07-09,ZA,South Africa,AFRO,22910,2135246,460,63499
2021-07-10,ZA,South Africa,AFRO,22441,2157687,374,63873
2021-07-11,ZA,South Africa,AFRO,21610,2179297,265,64138
2021-07-12,ZA,South Africa,AFRO,16302,2195599,151,64289
2021-07-13,ZA,South Africa,AFRO,11182,2206781,220,64509
2021-07-14,ZA,South Africa,AFRO,12535,2219316,633,65142
2021-07-15,ZA,South Africa,AFRO,17489,2236805,453,65595
2021-07-16,ZA,South Africa,AFRO,16435,2253240,377,65972
2021-07-17,ZA,South Africa,AFRO,15939,2269179,413,66385
2021-07-18,ZA,South Africa,AFRO,14701,2283880,291,66676
2021-07-19,ZA,South Africa,AFRO,11215,2295095,183,66859
2021-07-20,ZA,South Africa,AFRO,7209,2302304,221,67080
2021-07-21,ZA,South Africa,AFRO,8928,2311232,596,67676
2021-07-22,ZA,South Africa,AFRO,16240,2327472,516,68192
2021-07-23,ZA,South Africa,AFRO,14858,2342330,433,68625
2021-07-24,ZA,South Africa,AFRO,13719,2356049,450,69075
2021-07-25,ZA,South Africa,AFRO,12056,2368105,413,69488
2021-07-26,ZA,South Africa,AFRO,9718,2377823,287,69775
2021-07-27,ZA,South Africa,AFRO,5667,2383490,243,70018
2021-07-28,ZA,South Africa,AFRO,7733,2391223,370,70388
2021-07-29,ZA,South Africa,AFRO,17302,2408525,520,70908
2021-07-30,ZA,South Africa,AFRO,13626,2422151,523,71431
2021-07-31,ZA,South Africa,AFRO,12885,2435036,248,71679
2021-08-01,ZA,South Africa,AFRO,12418,2447454,334,72013
2021-08-02,ZA,South Africa,AFRO,8730,2456184,178,72191
2021-08-03,ZA,South Africa,AFRO,5574,2461758,246,72437
2021-08-04,ZA,South Africa,AFRO,8988,2470746,555,72992
2021-08-05,ZA,South Africa,AFRO,13263,2484009,423,73415
2021-08-06,ZA,South Africa,AFRO,13646,2497655,458,73873
2021-08-07,ZA,South Africa,AFRO,13523,2511178,479,74352
2021-08-08,ZA,South Africa,AFRO,12310,2523488,271,74623
2021-08-09,ZA,South Africa,AFRO,9978,2533466,190,74813
2021-08-10,ZA,South Africa,AFRO,6756,2540222,199,75012
2021-08-11,ZA,South Africa,AFRO,6540,2546762,189,75201
2021-08-12,ZA,South Africa,AFRO,7478,2554240,573,75774
2021-08-13,ZA,South Africa,AFRO,14271,2568511,473,76247
2021-08-14,ZA,South Africa,AFRO,13916,2582427,384,76631
2021-08-15,ZA,South Africa,AFRO,13020,2595447,238,76869
2021-08-16,ZA,South Africa,AFRO,10139,2605586,272,77141
2021-08-17,ZA,South Africa,AFRO,7983,2613569,299,77440
2021-08-18,ZA,South Africa,AFRO,10685,2624254,553,77993
2021-08-19,ZA,South Africa,AFRO,14727,2638981,384,78377
2021-08-20,ZA,South Africa,AFRO,13671,2652652,317,78694
2021-08-21,ZA,South Africa,AFRO,14312,2666964,289,78983
2021-08-22,ZA,South Africa,AFRO,13261,2680225,268,79251
2021-08-23,ZA,South Africa,AFRO,10748,2690973,170,79421
2021-08-24,ZA,South Africa,AFRO,7632,2698605,163,79584
2021-08-25,ZA,South Africa,AFRO,10346,2708951,369,79953
2021-08-26,ZA,South Africa,AFRO,13251,2722202,516,80469
2021-08-27,ZA,South Africa,AFRO,12771,2734973,357,80826
2021-08-28,ZA,South Africa,AFRO,12045,2747018,361,81187
2021-08-29,ZA,South Africa,AFRO,10173,2757191,274,81461
2021-08-30,ZA,South Africa,AFRO,7740,2764931,134,81595
2021-08-31,ZA,South Africa,AFRO,5644,2770575,235,81830
2021-09-01,ZA,South Africa,AFRO,7084,2777659,431,82261
2021-09-02,ZA,South Africa,AFRO,9544,2787203,235,82496
2021-09-03,ZA,South Africa,AFRO,9202,2796405,418,82914
2021-09-04,ZA,South Africa,AFRO,9199,2805604,247,83161
2021-09-05,ZA,South Africa,AFRO,8410,2814014,182,83343
2021-09-06,ZA,South Africa,AFRO,5931,2819945,76,83419
2021-09-07,ZA,South Africa,AFRO,4118,2824063,198,83617
2021-09-08,ZA,South Africa,AFRO,5372,2829435,282,83899
2021-09-09,ZA,South Africa,AFRO,7338,2836773,253,84152
2021-09-10,ZA,South Africa,AFRO,6269,2843042,175,84327
2021-09-11,ZA,South Africa,AFRO,5883,2848925,281,84608
2021-09-12,ZA,South Africa,AFRO,5309,2854234,143,84751
2021-09-13,ZA,South Africa,AFRO,3961,2858195,126,84877
2021-09-14,ZA,South Africa,AFRO,2640,2860835,125,85002
2021-09-15,ZA,South Africa,AFRO,3699,2864534,300,85302
2021-09-16,ZA,South Africa,AFRO,4667,2869201,166,85468
2021-09-17,ZA,South Africa,AFRO,4214,2873415,311,85779
2021-09-18,ZA,South Africa,AFRO,3648,2877063,173,85952
2021-09-19,ZA,South Africa,AFRO,3286,2880349,164,86116
2021-09-20,ZA,South Africa,AFRO,2281,2882630,58,86174
2021-09-21,ZA,South Africa,AFRO,1504,2884134,42,86216
2021-09-22,ZA,South Africa,AFRO,2197,2886331,160,86376
2021-09-23,ZA,South Africa,AFRO,2967,2889298,124,86500
2021-09-24,ZA,South Africa,AFRO,2783,2892081,155,86655
2021-09-25,ZA,South Africa,AFRO,2261,2894342,312,86967
2021-09-26,ZA,South Africa,AFRO,1634,2895976,34,87001
2021-09-27,ZA,South Africa,AFRO,967,2896943,51,87052
2021-09-28,ZA,South Africa,AFRO,578,2897521,164,87216
2021-09-29,ZA,South Africa,AFRO,1367,2898888,201,87417
2021-09-30,ZA,South Africa,AFRO,2106,2900994,108,87525
2021-10-01,ZA,South Africa,AFRO,1678,2902672,101,87626
2021-10-02,ZA,South Africa,AFRO,1635,2904307,79,87705
2021-10-03,ZA,South Africa,AFRO,1306,2905613,48,87753
2021-10-04,ZA,South Africa,AFRO,809,2906422,27,87780
2021-10-05,ZA,South Africa,AFRO,429,2906851,39,87819
2021-10-06,ZA,South Africa,AFRO,768,2907619,103,87922
2021-10-07,ZA,South Africa,AFRO,1149,2908768,59,87981
2021-10-08,ZA,South Africa,AFRO,989,2909757,123,88104
2021-10-09,ZA,South Africa,AFRO,924,2910681,132,88236
2021-10-10,ZA,South Africa,AFRO,816,2911497,56,88292
2021-10-11,ZA,South Africa,AFRO,648,2912145,25,88317
2021-10-12,ZA,South Africa,AFRO,249,2912394,29,88346
2021-10-13,ZA,South Africa,AFRO,544,2912938,83,88429
2021-10-14,ZA,South Africa,AFRO,942,2913880,37,88466
2021-10-15,ZA,South Africa,AFRO,947,2914827,40,88506
2021-10-16,ZA,South Africa,AFRO,733,2915560,56,88562
2021-10-17,ZA,South Africa,AFRO,619,2916179,25,88587
2021-10-18,ZA,South Africa,AFRO,414,2916593,25,88612
2021-10-19,ZA,South Africa,AFRO,210,2916803,7,88619
2021-10-20,ZA,South Africa,AFRO,452,2917255,55,88674
2021-10-21,ZA,South Africa,AFRO,591,2917846,80,88754
2021-10-22,ZA,South Africa,AFRO,520,2918366,81,88835
2021-10-23,ZA,South Africa,AFRO,517,2918883,56,88891
2021-10-24,ZA,South Africa,AFRO,449,2919332,23,88914
2021-10-25,ZA,South Africa,AFRO,300,2919632,11,88925
2021-10-26,ZA,South Africa,AFRO,146,2919778,9,88934
2021-10-27,ZA,South Africa,AFRO,331,2920109,53,88987
2021-10-28,ZA,South Africa,AFRO,472,2920581,62,89049
2021-10-29,ZA,South Africa,AFRO,533,2921114,55,89104
2021-10-30,ZA,South Africa,AFRO,475,2921589,47,89151
2021-10-31,ZA,South Africa,AFRO,297,2921886,12,89163
2021-11-01,ZA,South Africa,AFRO,230,2922116,14,89177
2021-11-02,ZA,South Africa,AFRO,106,2922222,2,89179
2021-11-03,ZA,South Africa,AFRO,169,2922391,18,89197
2021-11-04,ZA,South Africa,AFRO,344,2922735,23,89220
2021-11-05,ZA,South Africa,AFRO,319,2923054,31,89251
2021-11-06,ZA,South Africa,AFRO,339,2923393,44,89295
2021-11-07,ZA,South Africa,AFRO,358,2923751,24,89319
2021-11-08,ZA,South Africa,AFRO,205,2923956,13,89332
2021-11-09,ZA,South Africa,AFRO,116,2924072,20,89352
2021-11-10,ZA,South Africa,AFRO,245,2924317,35,89387
2021-11-11,ZA,South Africa,AFRO,305,2924622,48,89435
2021-11-12,ZA,South Africa,AFRO,356,2924978,17,89452
2021-11-13,ZA,South Africa,AFRO,393,2925371,17,89469
2021-11-14,ZA,South Africa,AFRO,306,2925677,7,89476
2021-11-15,ZA,South Africa,AFRO,262,2925939,8,89484
2021-11-16,ZA,South Africa,AFRO,136,2926075,5,89489
2021-11-17,ZA,South Africa,AFRO,273,2926348,15,89504
2021-11-18,ZA,South Africa,AFRO,566,2926914,11,89515
2021-11-19,ZA,South Africa,AFRO,585,2927499,40,89555
2021-11-20,ZA,South Africa,AFRO,789,2928288,7,89562
2021-11-21,ZA,South Africa,AFRO,887,2929175,10,89572
2021-11-22,ZA,South Africa,AFRO,687,2929862,2,89574
2021-11-23,ZA,South Africa,AFRO,312,2930174,10,89584
2021-11-24,ZA,South Africa,AFRO,18586,2948760,51,89635
2021-11-25,ZA,South Africa,AFRO,1275,2950035,22,89657
2021-11-26,ZA,South Africa,AFRO,2465,2952500,114,89771
2021-11-27,ZA,South Africa,AFRO,2828,2955328,12,89783
2021-11-28,ZA,South Africa,AFRO,3220,2958548,8,89791
2021-11-29,ZA,South Africa,AFRO,2858,2961406,6,89797
2021-11-30,ZA,South Africa,AFRO,2273,2963679,25,89822
2021-12-01,ZA,South Africa,AFRO,4373,2968052,21,89843
2021-12-02,ZA,South Africa,AFRO,8561,2976613,28,89871
2021-12-03,ZA,South Africa,AFRO,11535,2988148,44,89915
2021-12-04,ZA,South Africa,AFRO,16055,3004203,29,89944
2021-12-05,ZA,South Africa,AFRO,16366,3020569,21,89965
2021-12-06,ZA,South Africa,AFRO,11125,3031694,1,89966
2021-12-07,ZA,South Africa,AFRO,6381,3038075,9,89975
2021-12-08,ZA,South Africa,AFRO,13147,3051222,27,90002
2021-12-09,ZA,South Africa,AFRO,19842,3071064,36,90038
2021-12-10,ZA,South Africa,AFRO,22388,3093452,22,90060
2021-12-11,ZA,South Africa,AFRO,19017,3112469,20,90080
2021-12-12,ZA,South Africa,AFRO,17153,3129622,36,90116
2021-12-13,ZA,South Africa,AFRO,37875,3167497,21,90137
2021-12-14,ZA,South Africa,AFRO,13288,3180785,11,90148
2021-12-15,ZA,South Africa,AFRO,23857,3204642,24,90172
2021-12-16,ZA,South Africa,AFRO,26389,3231031,54,90226
2021-12-17,ZA,South Africa,AFRO,24785,3255816,36,90262
2021-12-18,ZA,South Africa,AFRO,20713,3276529,35,90297
2021-12-19,ZA,South Africa,AFRO,16080,3292609,48,90345
2021-12-20,ZA,South Africa,AFRO,15465,3308074,3,90348
2021-12-21,ZA,South Africa,AFRO,8511,3316585,105,90453
2021-12-22,ZA,South Africa,AFRO,15423,3332008,35,90488
2021-12-23,ZA,South Africa,AFRO,21098,3353106,99,90587
2021-12-24,ZA,South Africa,AFRO,21156,3374262,75,90662
2021-12-25,ZA,South Africa,AFRO,18847,3393109,81,90743
2021-12-26,ZA,South Africa,AFRO,14828,3407937,30,90773
2021-12-27,ZA,South Africa,AFRO,5603,3413540,41,90814
2021-12-28,ZA,South Africa,AFRO,3778,3417318,15,90829
2021-12-29,ZA,South Africa,AFRO,7216,3424534,25,90854
2021-12-30,ZA,South Africa,AFRO,9020,3433554,81,90935
2021-12-31,ZA,South Africa,AFRO,12978,3446532,126,91061
2022-01-01,ZA,South Africa,AFRO,11754,3458286,84,91145
2022-01-02,ZA,South Africa,AFRO,9793,3468079,53,91198
2022-01-03,ZA,South Africa,AFRO,4357,3472436,30,91228
2022-01-04,ZA,South Africa,AFRO,3076,3475512,84,91312
2022-01-05,ZA,South Africa,AFRO,8078,3483590,139,91451
2022-01-06,ZA,South Africa,AFRO,11106,3494696,110,91561
2022-01-07,ZA,South Africa,AFRO,9858,3504554,551,92112
2022-01-08,ZA,South Africa,AFRO,9259,3513813,140,92252
2022-01-09,ZA,South Africa,AFRO,7699,3521512,119,92371
2022-01-10,ZA,South Africa,AFRO,4542,3526054,82,92453
2022-01-11,ZA,South Africa,AFRO,2409,3528463,77,92530
2022-01-12,ZA,South Africa,AFRO,5668,3534131,119,92649
2022-01-13,ZA,South Africa,AFRO,6760,3540891,181,92830
2022-01-14,ZA,South Africa,AFRO,5917,3546808,159,92989
2022-01-15,ZA,South Africa,AFRO,5235,3552043,128,93117
2022-01-16,ZA,South Africa,AFRO,4590,3556633,161,93278
2022-01-17,ZA,South Africa,AFRO,2597,3559230,86,93364
2022-01-18,ZA,South Africa,AFRO,1691,3560921,87,93451
2022-01-19,ZA,South Africa,AFRO,3657,3564578,100,93551
2022-01-20,ZA,South Africa,AFRO,4322,3568900,156,93707
2022-01-21,ZA,South Africa,AFRO,3960,3572860,139,93846
2022-01-22,ZA,South Africa,AFRO,3519,3576379,103,93949
2022-01-23,ZA,South Africa,AFRO,3049,3579428,114,94063
2022-01-24,ZA,South Africa,AFRO,1931,3581359,114,94177
2022-01-25,ZA,South Africa,AFRO,1332,3582691,88,94265
2022-01-26,ZA,South Africa,AFRO,3197,3585888,132,94397
2022-01-27,ZA,South Africa,AFRO,4511,3590399,94,94491
2022-01-28,ZA,South Africa,AFRO,4100,3594499,160,94651
2022-01-29,ZA,South Africa,AFRO,3789,3598288,133,94784
2022-01-30,ZA,South Africa,AFRO,3342,3601630,121,94905
2022-01-31,ZA,South Africa,AFRO,2226,3603856,117,95022
2022-02-01,ZA,South Africa,AFRO,1366,3605222,71,95093
2022-02-02,ZA,South Africa,AFRO,3085,3608307,195,95288
2022-02-03,ZA,South Africa,AFRO,4502,3612809,175,95463
2022-02-04,ZA,South Africa,AFRO,3266,3616075,82,95545
2022-02-05,ZA,South Africa,AFRO,2778,3618853,221,95766
2022-02-06,ZA,South Africa,AFRO,3357,3622210,51,95817
2022-02-07,ZA,South Africa,AFRO,1752,3623962,18,95835
2022-02-08,ZA,South Africa,AFRO,1228,3625190,186,96021
2022-02-09,ZA,South Africa,AFRO,2824,3628014,268,96289
2022-02-10,ZA,South Africa,AFRO,3628,3631642,213,96502
2022-02-11,ZA,South Africa,AFRO,3169,3634811,203,96705
2022-02-12,ZA,South Africa,AFRO,2862,3637673,146,96851
2022-02-13,ZA,South Africa,AFRO,2489,3640162,134,96985
2022-02-14,ZA,South Africa,AFRO,1649,3641811,8,96993
2022-02-15,ZA,South Africa,AFRO,1094,3642905,257,97250
2022-02-16,ZA,South Africa,AFRO,2364,3645269,181,97431
2022-02-17,ZA,South Africa,AFRO,3699,3648968,89,97520
2022-02-18,ZA,South Africa,AFRO,3056,3652024,435,97955
2022-02-19,ZA,South Africa,AFRO,2800,3654824,343,98298
2022-02-20,ZA,South Africa,AFRO,2267,3657091,319,98617
2022-02-21,ZA,South Africa,AFRO,1456,3658547,50,98667
2022-02-22,ZA,South Africa,AFRO,1151,3659698,137,98804
2022-02-23,ZA,South Africa,AFRO,2334,3662032,64,98868
2022-02-24,ZA,South Africa,AFRO,3117,3665149,110,98978
2022-02-25,ZA,South Africa,AFRO,2411,3667560,40,99018
2022-02-26,ZA,South Africa,AFRO,2111,3669671,127,99145
2022-02-27,ZA,South Africa,AFRO,2320,3671991,46,99191
2022-02-28,ZA,South Africa,AFRO,1266,3673257,38,99229
2022-03-01,ZA,South Africa,AFRO,785,3674042,183,99412
2022-03-02,ZA,South Africa,AFRO,1649,3675691,18,99430
2022-03-03,ZA,South Africa,AFRO,1995,3677686,28,99458
2022-03-04,ZA,South Africa,AFRO,1853,3679539,41,99499
2022-03-05,ZA,South Africa,AFRO,1898,3681437,18,99517
2022-03-06,ZA,South Africa,AFRO,1735,3683172,26,99543
2022-03-07,ZA,South Africa,AFRO,1147,3684319,0,99543
2022-03-08,ZA,South Africa,AFRO,801,3685120,66,99609
2022-03-09,ZA,South Africa,AFRO,1436,3686556,16,99625
2022-03-10,ZA,South Africa,AFRO,1867,3688423,31,99656
2022-03-11,ZA,South Africa,AFRO,1868,3690291,25,99681
2022-03-12,ZA,South Africa,AFRO,1671,3691962,28,99709
2022-03-13,ZA,South Africa,AFRO,1570,3693532,3,99712
2022-03-14,ZA,South Africa,AFRO,972,3694504,13,99725
2022-03-15,ZA,South Africa,AFRO,671,3695175,0,99725
2022-03-16,ZA,South Africa,AFRO,1648,3696823,2,99727
2022-03-17,ZA,South Africa,AFRO,1980,3698803,40,99767
2022-03-18,ZA,South Africa,AFRO,1681,3700484,62,99829
2022-03-19,ZA,South Africa,AFRO,1558,3702042,39,99868
2022-03-20,ZA,South Africa,AFRO,1287,3703329,11,99879
2022-03-21,ZA,South Africa,AFRO,889,3704218,2,99881
2022-03-22,ZA,South Africa,AFRO,566,3704784,9,99890
2022-03-23,ZA,South Africa,AFRO,912,3705696,3,99893
2022-03-24,ZA,South Africa,AFRO,1393,3707089,6,99899
2022-03-25,ZA,South Africa,AFRO,2120,3709209,33,99932
2022-03-26,ZA,South Africa,AFRO,1557,3710766,7,99939
2022-03-27,ZA,South Africa,AFRO,1497,3712263,26,99965
2022-03-28,ZA,South Africa,AFRO,989,3713252,1,99966
2022-03-29,ZA,South Africa,AFRO,581,3713833,4,99970
2022-03-30,ZA,South Africa,AFRO,1557,3715390,6,99976
2022-03-31,ZA,South Africa,AFRO,1677,3717067,44,100020
2022-04-01,ZA,South Africa,AFRO,1886,3718953,12,100032
2022-04-02,ZA,South Africa,AFRO,1692,3720645,10,100042
2022-04-03,ZA,South Africa,AFRO,1420,3722065,4,100046
2022-04-04,ZA,South Africa,AFRO,889,3722954,4,100050
2022-04-05,ZA,South Africa,AFRO,685,3723639,2,100052
2022-04-06,ZA,South Africa,AFRO,1538,3725177,15,100067
2022-04-07,ZA,South Africa,AFRO,2031,3727208,3,100070
2022-04-08,ZA,South Africa,AFRO,1481,3728689,5,100075
2022-04-09,ZA,South Africa,AFRO,1377,3730066,9,100084
2022-04-10,ZA,South Africa,AFRO,1181,3731247,12,100096
2022-04-11,ZA,South Africa,AFRO,828,3732075,0,100096
2022-04-12,ZA,South Africa,AFRO,553,3732628,2,100098
2022-04-13,ZA,South Africa,AFRO,1291,3733919,18,100116
2022-04-14,ZA,South Africa,AFRO,1659,3735578,16,100132
2022-04-15,ZA,South Africa,AFRO,1768,3737346,6,100138
2022-04-16,ZA,South Africa,AFRO,1846,3739192,4,100142
2022-04-17,ZA,South Africa,AFRO,1206,3740398,2,100144
2022-04-18,ZA,South Africa,AFRO,832,3741230,3,100147
2022-04-19,ZA,South Africa,AFRO,877,3742107,34,100181
2022-04-20,ZA,South Africa,AFRO,1475,3743582,14,100195
2022-04-21,ZA,South Africa,AFRO,2842,3746424,16,100211
2022-04-22,ZA,South Africa,AFRO,4406,3750830,65,100276
2022-04-23,ZA,South Africa,AFRO,4629,3755459,10,100286
2022-04-24,ZA,South Africa,AFRO,4230,3759689,12,100298
2022-04-25,ZA,South Africa,AFRO,3222,3762911,5,100303
2022-04-26,ZA,South Africa,AFRO,1954,3764865,30,100333
2022-04-27,ZA,South Africa,AFRO,5062,3769927,15,100348
2022-04-28,ZA,South Africa,AFRO,6371,3776298,3,100351
2022-04-29,ZA,South Africa,AFRO,0,3776298,0,100351
2022-04-30,ZA,South Africa,AFRO,9100,3785398,9,100360
2022-05-01,ZA,South Africa,AFRO,6527,3791925,3,100363
2022-05-02,ZA,South Africa,AFRO,3838,3795763,0,100363
2022-05-03,ZA,South Africa,AFRO,2650,3798413,7,100370
2022-05-04,ZA,South Africa,AFRO,3785,3802198,7,100377
2022-05-05,ZA,South Africa,AFRO,15927,3818125,94,100471
2022-05-06,ZA,South Africa,AFRO,0,3818125,0,100471
2022-05-07,ZA,South Africa,AFRO,9253,3827378,34,100505
2022-05-08,ZA,South Africa,AFRO,8524,3835902,11,100516
2022-05-09,ZA,South Africa,AFRO,5486,3841388,7,100523
2022-05-10,ZA,South Africa,AFRO,3237,3844625,10,100533
2022-05-11,ZA,South Africa,AFRO,7523,3852148,26,100559
2022-05-12,ZA,South Africa,AFRO,10017,3862165,50,100609
2022-05-13,ZA,South Africa,AFRO,8920,3871085,21,100630
2022-05-14,ZA,South Africa,AFRO,8349,3879434,114,100744
2022-05-15,ZA,South Africa,AFRO,8015,3887449,9,100753
2022-05-16,ZA,South Africa,AFRO,4344,3891793,2,100755
2022-05-17,ZA,South Africa,AFRO,2952,3894745,16,100771
2022-05-18,ZA,South Africa,AFRO,5096,3899841,41,100812
2022-05-19,ZA,South Africa,AFRO,8179,3908020,55,100867
2022-05-20,ZA,South Africa,AFRO,7238,3915258,31,100898
2022-05-21,ZA,South Africa,AFRO,6375,3921633,18,100916
2022-05-22,ZA,South Africa,AFRO,5019,3926652,15,100931
2022-05-23,ZA,South Africa,AFRO,3220,3929872,2,100933
2022-05-24,ZA,South Africa,AFRO,1662,3931534,19,100952
2022-05-25,ZA,South Africa,AFRO,4227,3935761,50,101002
2022-05-26,ZA,South Africa,AFRO,5284,3941045,41,101043
2022-05-27,ZA,South Africa,AFRO,3800,3944845,49,101092
2022-05-28,ZA,South Africa,AFRO,3274,3948119,36,101128
2022-05-29,ZA,South Africa,AFRO,4074,3952193,14,101142
2022-05-30,ZA,South Africa,AFRO,1774,3953967,4,101146
2022-05-31,ZA,South Africa,AFRO,1004,3954971,16,101162
2022-06-01,ZA,South Africa,AFRO,2806,3957777,28,101190
2022-06-02,ZA,South Africa,AFRO,2647,3960424,29,101219
2022-06-03,ZA,South Africa,AFRO,2970,3963394,31,101250
2022-06-04,ZA,South Africa,AFRO,2028,3965422,35,101285
2022-06-05,ZA,South Africa,AFRO,1656,3967078,28,101313
2022-06-06,ZA,South Africa,AFRO,1127,3968205,4,101317
2022-06-07,ZA,South Africa,AFRO,726,3968931,33,101350
2022-06-08,ZA,South Africa,AFRO,2062,3970993,47,101397
2022-06-09,ZA,South Africa,AFRO,2093,3973086,27,101424
2022-06-10,ZA,South Africa,AFRO,1976,3975062,24,101448
2022-06-11,ZA,South Africa,AFRO,1591,3976653,20,101468
2022-06-12,ZA,South Africa,AFRO,975,3977628,9,101477
2022-06-13,ZA,South Africa,AFRO,962,3978590,7,101484
2022-06-14,ZA,South Africa,AFRO,536,3979126,25,101509
2022-06-15,ZA,South Africa,AFRO,710,3979836,41,101550
2022-06-16,ZA,South Africa,AFRO,1903,3981739,26,101576
2022-06-17,ZA,South Africa,AFRO,1936,3983675,8,101584
2022-06-18,ZA,South Africa,AFRO,971,3984646,5,101589
2022-06-19,ZA,South Africa,AFRO,960,3985606,9,101598
2022-06-20,ZA,South Africa,AFRO,995,3986601,6,101604
2022-06-21,ZA,South Africa,AFRO,291,3986892,16,101620
2022-06-22,ZA,South Africa,AFRO,1087,3987979,20,101640
2022-06-23,ZA,South Africa,AFRO,1028,3989007,57,101697
2022-06-24,ZA,South Africa,AFRO,1050,3990057,7,101704
2022-06-25,ZA,South Africa,AFRO,1887,3991944,23,101727
2022-06-26,ZA,South Africa,AFRO,505,3992449,4,101731
2022-06-27,ZA,South Africa,AFRO,212,3992661,9,101740
2022-06-28,ZA,South Africa,AFRO,343,3993004,5,101745
2022-06-29,ZA,South Africa,AFRO,440,3993444,19,101764
2022-06-30,ZA,South Africa,AFRO,399,3993843,29,101793
2022-07-01,ZA,South Africa,AFRO,380,3994223,16,101809
2022-07-02,ZA,South Africa,AFRO,842,3995065,2,101811
2022-07-03,ZA,South Africa,AFRO,226,3995291,1,101812
2022-07-04,ZA,South Africa,AFRO,109,3995400,3,101815
2022-07-05,ZA,South Africa,AFRO,384,3995784,32,101847
2022-07-06,ZA,South Africa,AFRO,657,3996441,12,101859
2022-07-07,ZA,South Africa,AFRO,463,3996904,9,101868
2022-07-08,ZA,South Africa,AFRO,365,3997269,8,101876
2022-07-09,ZA,South Africa,AFRO,0,3997269,0,101876
2022-07-10,ZA,South Africa,AFRO,0,3997269,0,101876
2022-07-11,ZA,South Africa,AFRO,706,3997975,4,101880
2022-07-12,ZA,South Africa,AFRO,491,3998466,15,101895
2022-07-13,ZA,South Africa,AFRO,397,3998863,12,101907
2022-07-14,ZA,South Africa,AFRO,482,3999345,8,101915
2022-07-15,ZA,South Africa,AFRO,406,3999751,3,101918
2022-07-16,ZA,South Africa,AFRO,0,3999751,0,101918
2022-07-17,ZA,South Africa,AFRO,0,3999751,0,101918
2022-07-18,ZA,South Africa,AFRO,880,4000631,4,101922
2022-07-19,ZA,South Africa,AFRO,263,4000894,13,101935
2022-07-20,ZA,South Africa,AFRO,550,4001444,4,101939
2022-07-21,ZA,South Africa,AFRO,372,4001816,3,101942
2022-07-22,ZA,South Africa,AFRO,317,4002133,1,101943
2022-07-23,ZA,South Africa,AFRO,0,4002133,0,101943
2022-07-24,ZA,South Africa,AFRO,0,4002133,0,101943
2022-07-25,ZA,South Africa,AFRO,848,4002981,12,101955
2022-07-26,ZA,South Africa,AFRO,521,4003502,7,101962
2022-07-27,ZA,South Africa,AFRO,381,4003883,5,101967
2022-07-28,ZA,South Africa,AFRO,0,4003883,0,101967
2022-07-29,ZA,South Africa,AFRO,318,4004201,10,101977
2022-07-30,ZA,South Africa,AFRO,354,4004555,5,101982
2022-07-31,ZA,South Africa,AFRO,569,4005124,0,101982
2022-08-01,ZA,South Africa,AFRO,0,4005124,0,101982
2022-08-02,ZA,South Africa,AFRO,0,4005124,0,101982
2022-08-03,ZA,South Africa,AFRO,0,4005124,0,101982
2022-08-04,ZA,South Africa,AFRO,0,4005124,0,101982
2022-08-05,ZA,South Africa,AFRO,0,4005124,0,101982
2022-08-06,ZA,South Africa,AFRO,0,4005124,0,101982
2022-08-07,ZA,South Africa,AFRO,1747,4006871,0,101982
2022-08-08,ZA,South Africa,AFRO,0,4006871,0,101982
2022-08-09,ZA,South Africa,AFRO,45,4006916,0,101982
2022-08-10,ZA,South Africa,AFRO,0,4006916,0,101982
2022-08-11,ZA,South Africa,AFRO,164,4007080,0,101982
2022-08-12,ZA,South Africa,AFRO,0,4007080,0,101982
2022-08-13,ZA,South Africa,AFRO,845,4007925,0,101982
2022-08-14,ZA,South Africa,AFRO,239,4008164,0,101982
2022-08-15,ZA,South Africa,AFRO,168,4008332,0,101982
2022-08-16,ZA,South Africa,AFRO,111,4008443,0,101982
2022-08-17,ZA,South Africa,AFRO,253,4008696,84,102066
2022-08-18,ZA,South Africa,AFRO,292,4008988,0,102066
2022-08-19,ZA,South Africa,AFRO,0,4008988,0,102066
2022-08-20,ZA,South Africa,AFRO,521,4009509,0,102066
2022-08-21,ZA,South Africa,AFRO,221,4009730,0,102066
2022-08-22,ZA,South Africa,AFRO,147,4009877,0,102066
2022-08-23,ZA,South Africa,AFRO,123,4010000,0,102066
2022-08-24,ZA,South Africa,AFRO,207,4010207,18,102084
2022-08-25,ZA,South Africa,AFRO,246,4010453,0,102084
2022-08-26,ZA,South Africa,AFRO,299,4010752,0,102084
2022-08-27,ZA,South Africa,AFRO,247,4010999,0,102084
2022-08-28,ZA,South Africa,AFRO,211,4011210,0,102084
2022-08-29,ZA,South Africa,AFRO,147,4011357,0,102084
2022-08-30,ZA,South Africa,AFRO,74,4011431,0,102084
2022-08-31,ZA,South Africa,AFRO,226,4011657,0,102084
2022-09-01,ZA,South Africa,AFRO,280,4011937,24,102108
2022-09-02,ZA,South Africa,AFRO,302,4012239,0,102108
2022-09-03,ZA,South Africa,AFRO,246,4012485,0,102108
2022-09-04,ZA,South Africa,AFRO,0,4012485,0,102108
2022-09-05,ZA,South Africa,AFRO,327,4012812,0,102108
2022-09-06,ZA,South Africa,AFRO,0,4012812,0,102108
2022-09-07,ZA,South Africa,AFRO,0,4012812,0,102108
2022-09-08,ZA,South Africa,AFRO,0,4012812,21,102129
2022-09-09,ZA,South Africa,AFRO,909,4013721,0,102129
2022-09-10,ZA,South Africa,AFRO,0,4013721,0,102129
2022-09-11,ZA,South Africa,AFRO,556,4014277,0,102129
2022-09-12,ZA,South Africa,AFRO,128,4014405,0,102129
2022-09-13,ZA,South Africa,AFRO,0,4014405,0,102129
2022-09-14,ZA,South Africa,AFRO,319,4014724,0,102129
2022-09-15,ZA,South Africa,AFRO,262,4014986,17,102146
2022-09-16,ZA,South Africa,AFRO,361,4015347,0,102146
2022-09-17,ZA,South Africa,AFRO,0,4015347,0,102146
2022-09-18,ZA,South Africa,AFRO,533,4015880,0,102146
2022-09-19,ZA,South Africa,AFRO,157,4016037,0,102146
2022-09-20,ZA,South Africa,AFRO,120,4016157,0,102146
2022-09-21,ZA,South Africa,AFRO,0,4016157,0,102146
2022-09-22,ZA,South Africa,AFRO,303,4016460,23,102169
2022-09-23,ZA,South Africa,AFRO,551,4017011,0,102169
2022-09-24,ZA,South Africa,AFRO,152,4017163,0,102169
2022-09-25,ZA,South Africa,AFRO,0,4017163,0,102169
2022-09-26,ZA,South Africa,AFRO,389,4017552,0,102169
2022-09-27,ZA,South Africa,AFRO,236,4017788,0,102169
2022-09-28,ZA,South Africa,AFRO,314,4018102,0,102169
2022-09-29,ZA,South Africa,AFRO,323,4018425,0,102169
2022-09-30,ZA,South Africa,AFRO,343,4018768,16,102185
2022-10-01,ZA,South Africa,AFRO,0,4018768,0,102185
2022-10-02,ZA,South Africa,AFRO,0,4018768,0,102185
2022-10-03,ZA,South Africa,AFRO,309,4019077,0,102185
2022-10-04,ZA,South Africa,AFRO,0,4019077,0,102185
2022-10-05,ZA,South Africa,AFRO,723,4019800,0,102185
2022-10-06,ZA,South Africa,AFRO,342,4020142,9,102194
2022-10-07,ZA,South Africa,AFRO,287,4020429,0,102194
2022-10-08,ZA,South Africa,AFRO,359,4020788,0,102194
2022-10-09,ZA,South Africa,AFRO,0,4020788,0,102194
2022-10-10,ZA,South Africa,AFRO,0,4020788,0,102194
2022-10-11,ZA,South Africa,AFRO,598,4021386,0,102194
2022-10-12,ZA,South Africa,AFRO,360,4021746,0,102194
2022-10-13,ZA,South Africa,AFRO,361,4022107,52,102246
2022-10-14,ZA,South Africa,AFRO,470,4022577,0,102246
2022-10-15,ZA,South Africa,AFRO,396,4022973,0,102246
2022-10-16,ZA,South Africa,AFRO,385,4023358,0,102246
2022-10-17,ZA,South Africa,AFRO,0,4023358,0,102246
2022-10-18,ZA,South Africa,AFRO,374,4023732,0,102246
2022-10-19,ZA,South Africa,AFRO,397,4024129,0,102246
2022-10-20,ZA,South Africa,AFRO,424,4024553,11,102257
2022-10-21,ZA,South Africa,AFRO,406,4024959,0,102257
2022-10-22,ZA,South Africa,AFRO,416,4025375,0,102257
2022-10-23,ZA,South Africa,AFRO,0,4025375,0,102257
2022-10-24,ZA,South Africa,AFRO,0,4025375,0,102257
2022-10-25,ZA,South Africa,AFRO,693,4026068,0,102257
2022-10-26,ZA,South Africa,AFRO,369,4026437,0,102257
2022-10-27,ZA,South Africa,AFRO,349,4026786,54,102311
2022-10-28,ZA,South Africa,AFRO,371,4027157,0,102311
2022-10-29,ZA,South Africa,AFRO,410,4027567,0,102311
2022-10-30,ZA,South Africa,AFRO,177,4027744,0,102311
2022-10-31,ZA,South Africa,AFRO,416,4028160,0,102311
2022-11-01,ZA,South Africa,AFRO,148,4028308,0,102311
2022-11-02,ZA,South Africa,AFRO,343,4028651,0,102311
2022-11-03,ZA,South Africa,AFRO,376,4029027,52,102363
2022-11-04,ZA,South Africa,AFRO,469,4029496,0,102363
2022-11-05,ZA,South Africa,AFRO,241,4029737,0,102363
2022-11-06,ZA,South Africa,AFRO,0,4029737,0,102363
2022-11-07,ZA,South Africa,AFRO,205,4029942,0,102363
2022-11-08,ZA,South Africa,AFRO,718,4030660,0,102363
2022-11-09,ZA,South Africa,AFRO,436,4031096,0,102363
2022-11-10,ZA,South Africa,AFRO,528,4031624,8,102371
2022-11-11,ZA,South Africa,AFRO,0,4031624,0,102371
2022-11-12,ZA,South Africa,AFRO,1094,4032718,0,102371
2022-11-13,ZA,South Africa,AFRO,464,4033182,0,102371
2022-11-14,ZA,South Africa,AFRO,0,4033182,0,102371
2022-11-15,ZA,South Africa,AFRO,1161,4034343,0,102371
2022-11-16,ZA,South Africa,AFRO,1179,4035522,0,102371
2022-11-17,ZA,South Africa,AFRO,643,4036165,24,102395
2022-11-18,ZA,South Africa,AFRO,458,4036623,0,102395
2022-11-19,ZA,South Africa,AFRO,598,4037221,0,102395
2022-11-20,ZA,South Africa,AFRO,0,4037221,0,102395
2022-11-21,ZA,South Africa,AFRO,0,4037221,0,102395
2022-11-22,ZA,South Africa,AFRO,900,4038121,0,102395
2022-11-23,ZA,South Africa,AFRO,380,4038501,0,102395
2022-11-24,ZA,South Africa,AFRO,843,4039344,0,102395
2022-11-25,ZA,South Africa,AFRO,514,4039858,33,102428
2022-11-26,ZA,South Africa,AFRO,0,4039858,0,102428
2022-11-27,ZA,South Africa,AFRO,1081,4040939,0,102428
2022-11-28,ZA,South Africa,AFRO,0,4040939,0,102428
2022-11-29,ZA,South Africa,AFRO,41,4040980,0,102428
2022-11-30,ZA,South Africa,AFRO,0,4040980,0,102428
2022-12-01,ZA,South Africa,AFRO,0,4040980,36,102464
2022-12-02,ZA,South Africa,AFRO,0,4040980,0,102464
2022-12-03,ZA,South Africa,AFRO,0,4040980,0,102464
2022-12-04,ZA,South Africa,AFRO,1932,4042912,0,102464
2022-12-05,ZA,South Africa,AFRO,0,4042912,0,102464
2022-12-06,ZA,South Africa,AFRO,0,4042912,0,102464
2022-12-07,ZA,South Africa,AFRO,0,4042912,0,102464
2022-12-08,ZA,South Africa,AFRO,0,4042912,86,102550
2022-12-09,ZA,South Africa,AFRO,0,4042912,0,102550
2022-12-10,ZA,South Africa,AFRO,0,4042912,0,102550
2022-12-11,ZA,South Africa,AFRO,0,4042912,0,102550
2022-12-12,ZA,South Africa,AFRO,2350,4045262,0,102550
2022-12-13,ZA,South Africa,AFRO,0,4045262,0,102550
2022-12-14,ZA,South Africa,AFRO,0,4045262,0,102550
2022-12-15,ZA,South Africa,AFRO,0,4045262,18,102568
2022-12-16,ZA,South Africa,AFRO,0,4045262,0,102568
2022-12-17,ZA,South Africa,AFRO,0,4045262,0,102568
2022-12-18,ZA,South Africa,AFRO,0,4045262,0,102568
2022-12-19,ZA,South Africa,AFRO,1341,4046603,0,102568
2022-12-20,ZA,South Africa,AFRO,0,4046603,0,102568
2022-12-21,ZA,South Africa,AFRO,0,4046603,0,102568
2022-12-22,ZA,South Africa,AFRO,0,4046603,0,102568
2022-12-23,ZA,South Africa,AFRO,0,4046603,0,102568
2022-12-24,ZA,South Africa,AFRO,0,4046603,0,102568
2022-12-25,ZA,South Africa,AFRO,1629,4048232,0,102568
2022-12-26,ZA,South Africa,AFRO,0,4048232,0,102568
2022-12-27,ZA,South Africa,AFRO,49,4048281,0,102568
2022-12-28,ZA,South Africa,AFRO,0,4048281,0,102568
2022-12-29,ZA,South Africa,AFRO,299,4048580,0,102568
2022-12-30,ZA,South Africa,AFRO,0,4048580,0,102568
2022-12-31,ZA,South Africa,AFRO,0,4048580,0,102568
2023-01-01,ZA,South Africa,AFRO,0,4048580,0,102568
2023-01-02,ZA,South Africa,AFRO,739,4049319,0,102568
2023-01-03,ZA,South Africa,AFRO,0,4049319,0,102568
2023-01-04,ZA,South Africa,AFRO,0,4049319,0,102568
2023-01-05,ZA,South Africa,AFRO,0,4049319,0,102568
2023-01-06,ZA,South Africa,AFRO,0,4049319,0,102568
2023-01-07,ZA,South Africa,AFRO,0,4049319,0,102568
2023-01-08,ZA,South Africa,AFRO,969,4050288,0,102568
2023-01-09,ZA,South Africa,AFRO,0,4050288,0,102568
2023-01-10,ZA,South Africa,AFRO,0,4050288,0,102568
2023-01-11,ZA,South Africa,AFRO,0,4050288,0,102568
2023-01-12,ZA,South Africa,AFRO,0,4050288,0,102568
2023-01-13,ZA,South Africa,AFRO,0,4050288,0,102568
2023-01-14,ZA,South Africa,AFRO,0,4050288,0,102568
2023-01-15,ZA,South Africa,AFRO,1499,4051787,0,102568
2023-01-16,ZA,South Africa,AFRO,0,4051787,0,102568
2023-01-17,ZA,South Africa,AFRO,104,4051891,0,102568
2023-01-18,ZA,South Africa,AFRO,223,4052114,0,102568
2023-01-19,ZA,South Africa,AFRO,874,4052988,0,102568
2023-01-20,ZA,South Africa,AFRO,799,4053787,20,102588
2023-01-21,ZA,South Africa,AFRO,0,4053787,0,102588
2023-01-22,ZA,South Africa,AFRO,419,4054206,7,102595
2023-01-23,ZA,South Africa,AFRO,0,4054206,0,102595
2023-01-24,ZA,South Africa,AFRO,0,4054206,0,102595
2023-01-25,ZA,South Africa,AFRO,0,4054206,0,102595
2023-01-26,ZA,South Africa,AFRO,0,4054206,0,102595
2023-01-27,ZA,South Africa,AFRO,0,4054206,0,102595
2023-01-28,ZA,South Africa,AFRO,0,4054206,0,102595
2023-01-29,ZA,South Africa,AFRO,1450,4055656,0,102595
2023-01-30,ZA,South Africa,AFRO,0,4055656,0,102595
2023-01-31,ZA,South Africa,AFRO,0,4055656,0,102595
2023-02-01,ZA,South Africa,AFRO,0,4055656,0,102595
2023-02-02,ZA,South Africa,AFRO,0,4055656,0,102595
2023-02-03,ZA,South Africa,AFRO,0,4055656,0,102595
2023-02-04,ZA,South Africa,AFRO,0,4055656,0,102595
2023-02-05,ZA,South Africa,AFRO,1478,4057134,0,102595
2023-02-06,ZA,South Africa,AFRO,0,4057134,0,102595
2023-02-07,ZA,South Africa,AFRO,0,4057134,0,102595
2023-02-08,ZA,South Africa,AFRO,0,4057134,0,102595
2023-02-09,ZA,South Africa,AFRO,0,4057134,0,102595
2023-02-10,ZA,South Africa,AFRO,0,4057134,0,102595
2023-02-11,ZA,South Africa,AFRO,0,4057134,0,102595
2023-02-12,ZA,South Africa,AFRO,1781,4058915,0,102595
2023-02-13,ZA,South Africa,AFRO,0,4058915,0,102595
2023-02-14,ZA,South Africa,AFRO,0,4058915,0,102595
2023-02-15,ZA,South Africa,AFRO,0,4058915,0,102595
2023-02-16,ZA,South Africa,AFRO,0,4058915,0,102595
2023-02-17,ZA,South Africa,AFRO,0,4058915,0,102595
2023-02-18,ZA,South Africa,AFRO,0,4058915,0,102595
2023-02-19,ZA,South Africa,AFRO,1470,4060385,0,102595
2023-02-20,ZA,South Africa,AFRO,0,4060385,0,102595
2023-02-21,ZA,South Africa,AFRO,0,4060385,0,102595
2023-02-22,ZA,South Africa,AFRO,0,4060385,0,102595
2023-02-23,ZA,South Africa,AFRO,0,4060385,0,102595
2023-02-24,ZA,South Africa,AFRO,0,4060385,0,102595
2023-02-25,ZA,South Africa,AFRO,0,4060385,0,102595
2023-02-26,ZA,South Africa,AFRO,1193,4061578,0,102595
2023-02-27,ZA,South Africa,AFRO,0,4061578,0,102595
2023-02-28,ZA,South Africa,AFRO,0,4061578,0,102595
2023-03-01,ZA,South Africa,AFRO,0,4061578,0,102595
2023-03-02,ZA,South Africa,AFRO,0,4061578,0,102595
2023-03-03,ZA,South Africa,AFRO,0,4061578,0,102595
2023-03-04,ZA,South Africa,AFRO,0,4061578,0,102595
2023-03-05,ZA,South Africa,AFRO,4165,4065743,0,102595
2023-03-06,ZA,South Africa,AFRO,0,4065743,0,102595
2023-03-07,ZA,South Africa,AFRO,0,4065743,0,102595
2023-03-08,ZA,South Africa,AFRO,0,4065743,0,102595
2023-03-09,ZA,South Africa,AFRO,0,4065743,0,102595
2023-03-10,ZA,South Africa,AFRO,0,4065743,0,102595
2023-03-11,ZA,South Africa,AFRO,0,4065743,0,102595
2023-03-12,ZA,South Africa,AFRO,2481,4068224,0,102595
2023-03-13,ZA,South Africa,AFRO,0,4068224,0,102595
2023-03-14,ZA,South Africa,AFRO,0,4068224,0,102595
2023-03-15,ZA,South Africa,AFRO,0,4068224,0,102595
2023-03-16,ZA,South Africa,AFRO,0,4068224,0,102595
2023-03-17,ZA,South Africa,AFRO,0,4068224,0,102595
2023-03-18,ZA,South Africa,AFRO,0,4068224,0,102595
2023-03-19,ZA,South Africa,AFRO,2210,4070434,0,102595
2023-03-20,ZA,South Africa,AFRO,0,4070434,0,102595
2023-03-21,ZA,South Africa,AFRO,0,4070434,0,102595
2023-03-22,ZA,South Africa,AFRO,0,4070434,0,102595
2023-03-23,ZA,South Africa,AFRO,0,4070434,0,102595
2023-03-24,ZA,South Africa,AFRO,0,4070434,0,102595
2023-03-25,ZA,South Africa,AFRO,0,4070434,0,102595
2023-03-26,ZA,South Africa,AFRO,2099,4072533,0,102595
2023-03-27,ZA,South Africa,AFRO,0,4072533,0,102595
2023-03-28,ZA,South Africa,AFRO,0,4072533,0,102595
2023-03-29,ZA,South Africa,AFRO,0,4072533,0,102595
2023-03-30,ZA,South Africa,AFRO,0,4072533,0,102595
2023-03-31,ZA,South Africa,AFRO,0,4072533,0,102595
2023-04-01,ZA,South Africa,AFRO,0,4072533,0,102595
2023-04-02,ZA,South Africa,AFRO,0,4072533,0,102595
2023-04-03,ZA,South Africa,AFRO,0,4072533,0,102595
2023-04-04,ZA,South Africa,AFRO,0,4072533,0,102595
2023-04-05,ZA,South Africa,AFRO,0,4072533,0,102595
2023-04-06,ZA,South Africa,AFRO,0,4072533,0,102595
2023-04-07,ZA,South Africa,AFRO,0,4072533,0,102595
2023-04-08,ZA,South Africa,AFRO,0,4072533,0,102595
2023-04-09,ZA,South Africa,AFRO,0,4072533,0,102595
2023-04-10,ZA,South Africa,AFRO,0,4072533,0,102595
2023-04-11,ZA,South Africa,AFRO,0,4072533,0,102595
2023-04-12,ZA,South Africa,AFRO,0,4072533,0,102595
2023-04-13,ZA,South Africa,AFRO,0,4072533,0,102595
2023-04-14,ZA,South Africa,AFRO,0,4072533,0,102595
2023-04-15,ZA,South Africa,AFRO,0,4072533,0,102595
2023-04-16,ZA,South Africa,AFRO,0,4072533,0,102595
2023-04-17,ZA,South Africa,AFRO,0,4072533,0,102595
2023-04-18,ZA,South Africa,AFRO,0,4072533,0,102595
2023-04-19,ZA,South Africa,AFRO,0,4072533,0,102595
2023-04-20,ZA,South Africa,AFRO,0,4072533,0,102595
2023-04-21,ZA,South Africa,AFRO,0,4072533,0,102595
2023-04-22,ZA,South Africa,AFRO,0,4072533,0,102595
2023-04-23,ZA,South Africa,AFRO,0,4072533,0,102595
2023-04-24,ZA,South Africa,AFRO,0,4072533,0,102595
2023-04-25,ZA,South Africa,AFRO,0,4072533,0,102595
2023-04-26,ZA,South Africa,AFRO,0,4072533,0,102595
2023-04-27,ZA,South Africa,AFRO,0,4072533,0,102595
2023-04-28,ZA,South Africa,AFRO,0,4072533,0,102595
2023-04-29,ZA,South Africa,AFRO,0,4072533,0,102595
2023-04-30,ZA,South Africa,AFRO,0,4072533,0,102595
2023-05-01,ZA,South Africa,AFRO,0,4072533,0,102595
2023-05-02,ZA,South Africa,AFRO,0,4072533,0,102595
2023-05-03,ZA,South Africa,AFRO,0,4072533,0,102595
2023-05-04,ZA,South Africa,AFRO,0,4072533,0,102595
2023-05-05,ZA,South Africa,AFRO,0,4072533,0,102595
2023-05-06,ZA,South Africa,AFRO,0,4072533,0,102595
2023-05-07,ZA,South Africa,AFRO,0,4072533,0,102595
2023-05-08,ZA,South Africa,AFRO,0,4072533,0,102595
2023-05-09,ZA,South Africa,AFRO,0,4072533,0,102595
2023-05-10,ZA,South Africa,AFRO,0,4072533,0,102595
2023-05-11,ZA,South Africa,AFRO,0,4072533,0,102595
2023-05-12,ZA,South Africa,AFRO,0,4072533,0,102595
2023-05-13,ZA,South Africa,AFRO,0,4072533,0,102595
2023-05-14,ZA,South Africa,AFRO,0,4072533,0,102595
2023-05-15,ZA,South Africa,AFRO,0,4072533,0,102595
2023-05-16,ZA,South Africa,AFRO,0,4072533,0,102595
2023-05-17,ZA,South Africa,AFRO,0,4072533,0,102595
2023-05-18,ZA,South Africa,AFRO,0,4072533,0,102595
2023-05-19,ZA,South Africa,AFRO,0,4072533,0,102595
2023-05-20,ZA,South Africa,AFRO,0,4072533,0,102595
2023-05-21,ZA,South Africa,AFRO,0,4072533,0,102595
2023-05-22,ZA,South Africa,AFRO,0,4072533,0,102595
2023-05-23,ZA,South Africa,AFRO,0,4072533,0,102595
2023-05-24,ZA,South Africa,AFRO,0,4072533,0,102595
2023-05-25,ZA,South Africa,AFRO,0,4072533,0,102595
2023-05-26,ZA,South Africa,AFRO,0,4072533,0,102595
2023-05-27,ZA,South Africa,AFRO,0,4072533,0,102595
2023-05-28,ZA,South Africa,AFRO,0,4072533,0,102595
2023-05-29,ZA,South Africa,AFRO,0,4072533,0,102595
2023-05-30,ZA,South Africa,AFRO,0,4072533,0,102595
2023-05-31,ZA,South Africa,AFRO,0,4072533,0,102595
2023-06-01,ZA,South Africa,AFRO,0,4072533,0,102595
2023-06-02,ZA,South Africa,AFRO,0,4072533,0,102595
2023-06-03,ZA,South Africa,AFRO,0,4072533,0,102595
2023-06-04,ZA,South Africa,AFRO,0,4072533,0,102595
2023-06-05,ZA,South Africa,AFRO,0,4072533,0,102595
2023-06-06,ZA,South Africa,AFRO,0,4072533,0,102595
2023-06-07,ZA,South Africa,AFRO,0,4072533,0,102595
2023-06-08,ZA,South Africa,AFRO,0,4072533,0,102595
2023-06-09,ZA,South Africa,AFRO,0,4072533,0,102595
2023-06-10,ZA,South Africa,AFRO,0,4072533,0,102595
2023-06-11,ZA,South Africa,AFRO,0,4072533,0,102595
2023-06-12,ZA,South Africa,AFRO,0,4072533,0,102595
2023-06-13,ZA,South Africa,AFRO,0,4072533,0,102595
2023-06-14,ZA,South Africa,AFRO,0,4072533,0,102595
2023-06-15,ZA,South Africa,AFRO,0,4072533,0,102595
2023-06-16,ZA,South Africa,AFRO,0,4072533,0,102595
2023-06-17,ZA,South Africa,AFRO,0,4072533,0,102595
2023-06-18,ZA,South Africa,AFRO,0,4072533,0,102595
2023-06-19,ZA,South Africa,AFRO,0,4072533,0,102595
2023-06-20,ZA,South Africa,AFRO,0,4072533,0,102595
2023-06-21,ZA,South Africa,AFRO,0,4072533,0,102595
2023-06-22,ZA,South Africa,AFRO,0,4072533,0,102595
2023-06-23,ZA,South Africa,AFRO,0,4072533,0,102595
2023-06-24,ZA,South Africa,AFRO,0,4072533,0,102595
2023-06-25,ZA,South Africa,AFRO,0,4072533,0,102595
2023-06-26,ZA,South Africa,AFRO,0,4072533,0,102595
2023-06-27,ZA,South Africa,AFRO,0,4072533,0,102595
2023-06-28,ZA,South Africa,AFRO,0,4072533,0,102595
2023-06-29,ZA,South Africa,AFRO,0,4072533,0,102595
2023-06-30,ZA,South Africa,AFRO,0,4072533,0,102595
2023-07-01,ZA,South Africa,AFRO,0,4072533,0,102595
2023-07-02,ZA,South Africa,AFRO,0,4072533,0,102595
2023-07-03,ZA,South Africa,AFRO,0,4072533,0,102595
2023-07-04,ZA,South Africa,AFRO,0,4072533,0,102595
2023-07-05,ZA,South Africa,AFRO,0,4072533,0,102595
2023-07-06,ZA,South Africa,AFRO,0,4072533,0,102595
2023-07-07,ZA,South Africa,AFRO,0,4072533,0,102595
2023-07-08,ZA,South Africa,AFRO,0,4072533,0,102595
2023-07-09,ZA,South Africa,AFRO,0,4072533,0,102595
2023-07-10,ZA,South Africa,AFRO,0,4072533,0,102595
2023-07-11,ZA,South Africa,AFRO,0,4072533,0,102595
2023-07-12,ZA,South Africa,AFRO,0,4072533,0,102595
2023-07-13,ZA,South Africa,AFRO,0,4072533,0,102595
2023-07-14,ZA,South Africa,AFRO,0,4072533,0,102595
2023-07-15,ZA,South Africa,AFRO,0,4072533,0,102595
2023-07-16,ZA,South Africa,AFRO,0,4072533,0,102595
2023-07-17,ZA,South Africa,AFRO,0,4072533,0,102595
2023-07-18,ZA,South Africa,AFRO,0,4072533,0,102595
2023-07-19,ZA,South Africa,AFRO,0,4072533,0,102595
